Unnamed: 0,city,latitude,logitude,temperature,pressure,humidity,wind_speed,cloudiness,country
0,waitangi,-43.9535,-176.5597,8.79,1000.0,89.0,0.45,82.0,NZ
1,cabo san lucas,22.8909,-109.9124,28.99,1011.0,43.0,3.53,100.0,MX
2,puerto san carlos,,,,,,,,
3,marka,1.7159,44.7717,26.34,1013.0,86.0,6.47,96.0,SO
4,port-aux-francais,-49.35,70.2167,2.6,996.0,75.0,13.51,87.0,TF
5,petropavlivka,48.4564,36.4367,15.98,1025.0,39.0,5.95,0.0,UA
6,stanley,54.868,-1.6985,14.32,1017.0,76.0,3.6,40.0,GB
7,albany,42.6001,-73.9662,26.6,1008.0,35.0,0.89,20.0,US
8,mejit,10.2753,170.8646,27.87,1012.0,85.0,8.57,100.0,MH
9,isafjordur,66.0755,-23.124,5.25,1007.0,89.0,5.14,100.0,IS
10,grytviken,-54.2811,-36.5092,-2.03,990.0,83.0,4.79,100.0,GS
11,tsiombe,-25.3,45.4833,19.92,1020.0,88.0,4.15,0.0,MG
12,lozuvatka,48.0571,33.2858,19.61,1023.0,43.0,6.58,52.0,UA
13,mount isa,-20.7333,139.5,12.87,1018.0,88.0,0.0,0.0,AU
14,tarauaca,-8.1614,-70.7656,30.91,1010.0,63.0,0.44,26.0,BR
15,moyale,3.5167,39.0584,21.34,1014.0,71.0,1.88,76.0,KE
16,thunder bay,48.4001,-89.3168,7.95,1013.0,71.0,7.2,75.0,CA
17,touros,-5.1989,-35.4608,29.37,1011.0,67.0,7.4,51.0,BR
18,hamilton,39.1834,-84.5333,26.43,1012.0,66.0,4.63,0.0,US
19,chilaw,7.5758,79.7953,27.01,1006.0,83.0,14.04,98.0,LK
20,correntina,-13.3433,-44.6367,32.08,1011.0,25.0,1.8,15.0,BR
21,wailua homesteads,22.0669,-159.378,23.05,1021.0,82.0,5.14,100.0,US
22,saipan,15.1355,145.701,27.39,1013.0,83.0,5.14,0.0,MP
23,tazovsky,67.4667,78.7,-9.51,1016.0,92.0,4.31,33.0,RU
24,sitka,57.0531,-135.33,8.94,1014.0,81.0,2.57,100.0,US
25,howrah,22.5892,88.3103,31.0,1001.0,79.0,2.06,40.0,IN
26,kovdor,67.5662,30.4758,7.47,1021.0,54.0,4.49,72.0,RU
27,adamstown,-25.066,-130.1015,21.65,1018.0,73.0,2.21,42.0,PN
28,thompson,55.7435,-97.8558,11.58,1015.0,41.0,3.14,90.0,CA
29,tralee,52.2704,-9.7026,13.86,1017.0,65.0,0.9,48.0,IE
30,kikwit,-5.041,18.8162,26.96,1010.0,51.0,0.75,97.0,CD
31,east london,-33.0153,27.9116,18.85,1026.0,78.0,3.96,100.0,ZA
32,taiohae,,,,,,,,
33,tondano,1.3038,124.9112,20.05,1009.0,94.0,0.35,93.0,ID
34,saint-pierre,-21.3393,55.4781,21.82,1019.0,83.0,4.12,75.0,RE
35,dhanera,24.5167,72.0167,32.63,999.0,45.0,7.1,0.0,IN
36,aasiaat,68.7098,-52.8699,-1.46,1014.0,81.0,1.38,54.0,GL
37,aransas pass,27.9095,-97.15,31.57,1008.0,73.0,6.69,100.0,US
38,new norfolk,-42.7826,147.0587,5.02,1031.0,86.0,0.76,99.0,AU
39,constantia,44.1833,28.65,17.38,1017.0,82.0,3.77,97.0,RO
40,blackmans bay,-43.0167,147.3167,3.53,1027.0,91.0,0.45,100.0,AU
41,ushuaia,-54.8,-68.3,3.79,1027.0,99.0,1.74,100.0,AR
42,karratha,-20.7377,116.8463,22.36,1015.0,74.0,3.05,0.0,AU
43,tolanaro,-25.0319,46.9987,20.79,1021.0,84.0,4.03,25.0,MG
44,waajid,3.8096,43.2463,26.13,1013.0,74.0,6.64,100.0,SO
45,port mathurin,-19.6833,63.4167,23.01,1017.0,82.0,11.0,100.0,MU
46,avarua,-21.2078,-159.775,26.03,1015.0,78.0,3.09,100.0,CK
47,happy valley-goose bay,53.3168,-60.3315,2.99,1010.0,94.0,3.47,100.0,CA
48,invercargill,-46.4,168.35,9.45,1007.0,79.0,8.05,100.0,NZ
49,bredasdorp,-34.5322,20.0403,15.17,1025.0,87.0,5.34,100.0,ZA
50,afaahiti,-17.75,-149.2833,27.93,1017.0,86.0,9.3,72.0,PF
51,mulayjah,27.271,48.4242,32.87,1005.0,21.0,4.07,0.0,SA
52,aykhal,66.0,111.5,7.9,1012.0,84.0,1.71,76.0,RU
53,atafu village,-8.5421,-172.5159,28.84,1012.0,75.0,3.26,92.0,TK
54,tazacorte,28.629,-17.9293,20.64,1019.0,86.0,3.6,75.0,ES
55,palmer,42.1584,-72.3287,27.85,1009.0,31.0,6.69,20.0,US
56,mananjary,-21.2167,48.3333,20.58,1021.0,87.0,1.53,65.0,MG
57,ta`u,-14.2336,-169.5144,28.28,1013.0,77.0,2.22,100.0,AS
58,tura,25.5198,90.2201,28.37,1002.0,57.0,1.32,28.0,IN
59,punta arenas,-53.15,-70.9167,8.06,1027.0,66.0,2.06,0.0,CL
60,gaspe,48.8334,-64.4819,11.67,1001.0,96.0,2.13,100.0,CA
61,kavaratti,10.5669,72.642,29.2,1006.0,83.0,6.23,100.0,IN
62,nadym,65.5333,72.5167,-0.02,1016.0,57.0,4.91,94.0,RU
63,iqaluit,63.7506,-68.5145,-2.39,1016.0,74.0,2.68,18.0,CA
64,fraserburgh,57.6874,-2.0184,14.68,1017.0,89.0,7.21,96.0,GB
65,mount pearl,47.5166,-52.7813,6.64,1007.0,97.0,6.17,100.0,CA
66,badger,64.8,-147.5333,9.29,1004.0,91.0,0.45,100.0,US
67,ancud,-41.8697,-73.8203,8.44,1024.0,68.0,3.69,100.0,CL
68,novaya igirma,57.1334,103.9112,9.82,1016.0,95.0,1.55,65.0,RU
69,isangel,-19.55,169.2667,20.74,1016.0,74.0,4.71,1.0,VU
70,college,64.8569,-147.8028,9.18,1004.0,92.0,0.0,100.0,US
71,yuzawa,39.1667,140.5,10.85,1013.0,86.0,3.84,68.0,JP
72,seogwipo,,,,,,,,
73,ust-nera,64.5667,143.2,1.31,1023.0,82.0,0.82,56.0,RU
74,ingeniero guillermo n. juarez,-23.9,-61.85,18.19,1023.0,41.0,6.18,88.0,AR
75,la passe,45.5549,-0.8967,18.09,1019.0,74.0,3.54,23.0,FR
76,hithadhoo,-0.6,73.0833,28.76,1009.0,77.0,5.05,100.0,MV
77,lompoc,34.6391,-120.4579,15.33,1014.0,69.0,6.17,0.0,US
78,kimbe,-5.5502,150.1429,25.02,1010.0,94.0,2.01,93.0,PG
79,acajutla,13.5928,-89.8275,31.37,1010.0,62.0,4.77,3.0,SV
80,pearsall,28.8922,-99.095,33.66,1005.0,43.0,4.26,39.0,US
81,paradip garh,20.3167,86.6167,29.98,1000.0,79.0,4.13,59.0,IN
82,jiexiu,37.0244,111.9125,19.1,1011.0,74.0,2.51,99.0,CN
83,sisimiut,66.9395,-53.6735,0.76,1013.0,76.0,3.26,44.0,GL
84,northam,51.0333,-4.2167,13.48,1019.0,73.0,1.87,54.0,GB
85,olonkinbyen,70.9221,-8.7187,0.37,1022.0,90.0,4.64,100.0,SJ
86,whitehorse,60.7161,-135.0538,8.49,1006.0,72.0,1.34,100.0,CA
87,puerto natales,-51.7236,-72.4875,6.25,1029.0,56.0,2.06,0.0,CL
88,westport,41.1415,-73.3579,27.94,1010.0,35.0,4.63,0.0,US
89,aswan,24.0934,32.907,35.93,1009.0,13.0,8.75,0.0,EG
90,puerto ayora,-0.7393,-90.3518,27.98,1013.0,76.0,5.6,53.0,EC
91,arawa,-6.2132,155.5367,25.59,1011.0,94.0,1.99,98.0,PG
92,sikandarpur,26.05,84.05,34.88,1000.0,35.0,4.36,2.0,IN
93,james island,,,,,,,,
94,trinidad,-14.8333,-64.9,28.02,1014.0,53.0,4.19,74.0,BO
95,vorgashor,67.5833,63.95,-2.33,1005.0,96.0,9.02,100.0,RU
96,edinburgh of the seven seas,-37.0676,-12.3116,15.82,1025.0,84.0,8.23,89.0,SH
97,talnakh,69.4865,88.3972,-12.66,1018.0,100.0,0.07,88.0,RU
98,luderitz,-26.6481,15.1594,16.66,1017.0,68.0,5.88,0.0,
99,prince rupert,54.3161,-130.3201,9.05,1013.0,81.0,4.12,100.0,CA
100,bethel,41.3712,-73.414,27.61,1008.0,37.0,5.14,0.0,US
101,inverloch,-38.6333,145.7167,6.7,1027.0,93.0,3.54,100.0,AU
102,lebu,-37.6167,-73.65,10.31,1020.0,62.0,3.01,100.0,CL
103,qaqortoq,60.7167,-46.0333,2.34,1008.0,77.0,4.87,9.0,GL
104,ilhabela,-23.7781,-45.3581,25.96,1012.0,67.0,5.05,29.0,BR
105,san juan,-31.5375,-68.5364,9.44,1025.0,52.0,1.01,100.0,AR
106,vila franca do campo,37.7167,-25.4333,18.27,1017.0,99.0,5.1,63.0,PT
107,zaozersk,69.4005,32.4476,3.15,1017.0,69.0,15.48,74.0,RU
108,markovo,57.3206,107.0881,8.85,1017.0,92.0,0.42,93.0,RU
109,carnarvon,-24.8667,113.6333,21.45,1016.0,70.0,4.17,0.0,AU
110,georgetown,5.4112,100.3354,28.96,1008.0,89.0,0.0,20.0,MY
111,mabaruma,8.2,-59.7833,31.62,1011.0,56.0,3.23,98.0,GY
112,port elizabeth,-33.918,25.5701,17.4,1032.0,94.0,0.89,100.0,ZA
113,ust'-ilimsk,58.0006,102.6619,14.13,1016.0,77.0,1.55,30.0,RU
114,whangarei,-35.7317,174.3239,9.51,1011.0,96.0,1.88,9.0,NZ
115,gadzhiyevo,69.2551,33.3362,3.4,1017.0,70.0,14.05,96.0,RU
116,udachny,66.4167,112.4,10.8,1012.0,82.0,1.73,72.0,RU
117,zhengzhou,34.7578,113.6486,22.79,1012.0,62.0,5.54,99.0,CN
118,kulhudhuffushi,6.6221,73.07,29.5,1008.0,78.0,8.49,100.0,MV
119,vingt cinq,,,,,,,,
120,auki,-8.7676,160.7034,25.71,1010.0,92.0,1.56,81.0,SB
121,belomorsk,64.5232,34.7668,20.59,1017.0,47.0,10.14,55.0,RU
122,keflavik,64.0049,-22.5624,9.24,1004.0,93.0,18.01,100.0,IS
123,yangor,,,,,,,,
124,bejubang dua,,,,,,,,
125,ribeira grande,38.5167,-28.7,21.22,1016.0,68.0,6.69,40.0,PT
126,enewetak,11.3474,162.3373,27.71,1011.0,85.0,7.62,12.0,MH
127,brookings,44.3114,-96.7984,11.27,1002.0,85.0,10.29,100.0,US
128,obo,5.3998,26.4869,25.07,1010.0,67.0,1.57,65.0,CF
129,stribro,49.7529,13.0041,17.43,1016.0,100.0,0.71,55.0,CZ
130,jamestown,42.097,-79.2353,24.42,1013.0,36.0,4.63,0.0,US
131,hawaiian paradise park,19.5933,-154.9731,23.23,1020.0,84.0,2.06,75.0,US
132,arraial do cabo,-22.9661,-42.0278,29.92,1011.0,58.0,1.54,40.0,BR
133,nova vicosa,-17.8919,-39.3719,28.94,1014.0,44.0,5.73,4.0,BR
134,sandnessjoen,66.0217,12.6316,10.14,1023.0,71.0,7.72,0.0,NO
135,ilulissat,69.2167,-51.1,1.01,1014.0,69.0,2.06,40.0,GL
136,usakos,-22.0,15.6,22.3,1017.0,17.0,3.26,29.0,
137,espargos,,,,,,,,
138,farakka,24.8167,87.9,35.37,1000.0,34.0,1.26,2.0,IN
139,kachkanar,58.7,59.4948,3.16,1023.0,89.0,1.86,100.0,RU
140,papao,-17.75,-149.55,28.82,1017.0,87.0,10.45,71.0,PF
141,dixon,38.4455,-121.8233,19.51,1011.0,53.0,5.66,0.0,US
142,norilsk,69.3535,88.2027,-12.54,1018.0,99.0,1.72,84.0,RU
143,fort st. john,56.2499,-120.8529,16.16,1002.0,52.0,2.86,36.0,CA
144,vail,32.0479,-110.712,29.2,1008.0,8.0,2.35,10.0,US
145,savannakhet,16.566,104.751,24.82,1008.0,96.0,2.31,100.0,LA
146,pontianak,-0.0333,109.3333,25.55,1009.0,100.0,1.03,75.0,ID
147,salahonda,2.1019,-78.7217,27.47,1011.0,81.0,6.64,77.0,CO
148,opuwo,-18.0607,13.84,19.84,1016.0,23.0,3.8,9.0,
149,nar'yan-mar,67.6713,53.087,2.28,1007.0,100.0,6.26,100.0,RU
150,aurillac,44.9167,2.45,16.25,1018.0,51.0,2.57,0.0,FR
151,longyearbyen,78.2186,15.6401,-2.09,1010.0,64.0,2.06,75.0,SJ
152,plastun,44.7561,136.2939,2.83,1015.0,92.0,2.9,2.0,RU
153,la'ie,21.6477,-157.9253,25.18,1020.0,74.0,5.36,100.0,US
154,puerto baquerizo moreno,-0.9,-89.6,28.55,1010.0,84.0,7.2,0.0,EC
155,iskateley,67.6803,53.1512,2.23,1007.0,100.0,6.26,100.0,RU
156,pangody,65.85,74.4859,-7.29,1016.0,85.0,4.37,51.0,RU
157,dudinka,69.4058,86.1778,-12.4,1017.0,98.0,2.24,28.0,RU
158,san patricio,28.017,-97.5169,32.07,1007.0,51.0,8.32,4.0,US
159,nguruka,-5.1092,31.0419,22.54,1013.0,58.0,1.83,65.0,TZ
160,bilibino,68.0546,166.4372,-2.87,1023.0,73.0,1.59,43.0,RU
161,carutapera,-1.195,-46.02,27.99,1009.0,90.0,3.16,98.0,BR
162,margaret river,-33.95,115.0667,18.83,1011.0,68.0,7.98,1.0,AU
163,olyokminsk,60.3736,120.4264,11.56,1016.0,74.0,0.81,50.0,RU
164,sokoni,-6.4333,39.55,26.9,1015.0,78.0,8.48,83.0,TZ
165,west island,-12.1568,96.8225,26.99,1011.0,78.0,6.17,40.0,CC
166,ouesso,1.6136,16.0517,22.35,1012.0,98.0,1.55,100.0,CG
167,benghazi,32.1167,20.0667,23.93,1016.0,48.0,6.96,30.0,LY
168,kill devil hills,36.0307,-75.676,21.11,1012.0,96.0,1.54,75.0,US
169,cockburn town,21.4612,-71.1419,28.98,1014.0,70.0,5.14,40.0,TC
170,nemuro,43.3236,145.575,4.05,1006.0,93.0,9.79,100.0,JP
171,upata,8.0086,-62.3989,32.88,1010.0,39.0,3.21,100.0,VE
172,flying fish cove,-10.4217,105.6791,25.82,1012.0,94.0,4.12,100.0,CX
173,bardai,11.65,7.2333,32.42,1007.0,30.0,2.75,43.0,NG
174,kununurra,-15.7667,128.7333,17.99,1014.0,88.0,0.0,0.0,AU
175,mata-utu,-13.2816,-176.1745,29.11,1012.0,76.0,4.14,100.0,WF
176,colonia general alfredo stroessner,-25.3667,-55.7,13.19,1020.0,95.0,3.15,100.0,PY
177,buala,-8.145,159.5921,27.27,1010.0,87.0,3.34,72.0,SB
178,misratah,32.3754,15.0925,23.15,1012.0,59.0,9.25,12.0,LY
179,altamira,-3.2033,-52.2064,32.46,1008.0,60.0,1.18,85.0,BR
180,island harbour,50.724,-1.2758,15.76,1018.0,62.0,0.89,15.0,GB
181,richards bay,-28.783,32.0377,21.43,1023.0,87.0,3.44,33.0,ZA
182,dwarka,22.2394,68.9678,28.71,1003.0,85.0,6.5,0.0,IN
183,kukawa,12.9234,13.5606,33.4,1006.0,34.0,4.64,2.0,NG
184,mount gambier,-37.8333,140.7667,7.21,1027.0,97.0,1.74,100.0,AU
185,mossendjo,-2.9506,12.7261,22.56,1013.0,86.0,0.8,98.0,CG
186,toga village,,,,,,,,
187,anadyr,64.75,177.4833,0.0,1017.0,100.0,3.0,100.0,RU
188,coquimbo,-29.9533,-71.3436,15.85,1015.0,82.0,6.17,0.0,CL
189,egilsstadir,65.2653,-14.3948,12.95,1017.0,44.0,8.23,0.0,IS
190,klyuchi,52.2667,79.1667,13.71,1014.0,68.0,4.49,100.0,RU
191,gobabis,-22.45,18.9667,16.84,1020.0,31.0,3.93,2.0,
192,geraldton,-28.7667,114.6,16.23,1016.0,88.0,5.66,0.0,AU
193,varel,53.3969,8.1362,16.71,1018.0,88.0,5.22,94.0,DE
194,ciudad lazaro cardenas,17.9583,-102.2,29.85,1011.0,52.0,4.46,17.0,MX
195,nobres,-14.7203,-56.3275,32.26,1012.0,44.0,3.83,100.0,BR
196,al kharijah,25.4514,30.5464,31.0,1012.0,14.0,5.83,1.0,EG
197,yaring,6.8662,101.3689,26.96,1008.0,82.0,1.65,100.0,TH
198,kupang,-10.1667,123.5833,29.32,1012.0,89.0,5.14,20.0,ID
199,fada,9.5667,8.3,27.88,1010.0,56.0,2.08,74.0,NG
200,tekkali,18.6167,84.2333,29.63,1000.0,77.0,3.94,99.0,IN
201,frankenmuth,43.3317,-83.738,24.54,1012.0,43.0,3.09,0.0,US
202,kodiak,57.79,-152.4072,6.73,1006.0,87.0,1.54,100.0,US
203,tampakan,6.4442,124.9264,24.66,1009.0,95.0,0.51,98.0,PH
204,koneurgench,,,,,,,,
205,kilindoni,-7.9139,39.6668,26.9,1015.0,75.0,7.44,39.0,TZ
206,yaren,-0.5472,166.916,28.51,1010.0,77.0,5.39,28.0,NR
207,mahibadhoo,3.7833,72.9667,28.81,1009.0,80.0,9.47,100.0,MV
208,zhangjiajie,29.1294,110.4783,23.44,1008.0,88.0,0.76,28.0,CN
209,gamay,12.3854,125.2979,25.52,1008.0,96.0,3.52,100.0,PH
210,wynyard,-41.0,145.7167,8.51,1030.0,81.0,3.5,100.0,AU
211,islamkot,24.6997,70.177,29.94,1000.0,67.0,7.06,0.0,PK
212,papatowai,-46.5619,169.4708,8.23,1004.0,81.0,8.34,97.0,NZ
213,uturoa,-16.7333,-151.4333,27.28,1015.0,82.0,7.76,21.0,PF
214,saint-philippe,-21.3585,55.7679,20.77,1020.0,80.0,5.43,65.0,RE
215,caldwell,43.6629,-116.6874,18.93,1011.0,42.0,3.6,0.0,US
216,abraham's bay,,,,,,,,
217,malango,-2.9627,119.9001,19.46,1013.0,98.0,0.73,92.0,ID
218,yellowknife,62.456,-114.3525,16.82,1006.0,42.0,7.72,0.0,CA
219,horice,50.3661,15.6318,18.17,1016.0,82.0,1.36,77.0,CZ
220,tanout,14.9709,8.8879,37.0,1006.0,13.0,3.11,10.0,NE
221,tumayr,25.7039,45.868,34.29,1006.0,12.0,4.77,0.0,SA
222,milazzo,38.2212,15.2383,21.73,1016.0,62.0,2.68,4.0,IT
223,siavonga,-16.5382,28.7088,24.23,1017.0,58.0,0.26,71.0,ZM
224,grand falls-windsor,48.9332,-55.6649,11.95,1003.0,80.0,0.89,100.0,CA
225,tiksi,71.6872,128.8694,2.59,1013.0,100.0,2.24,99.0,RU
226,walvis bay,-22.9575,14.5053,22.93,1014.0,36.0,6.09,1.0,
227,aizenay,46.74,-1.6083,18.15,1019.0,63.0,2.06,0.0,FR
228,sittwe,20.15,92.9,29.41,1002.0,78.0,8.32,41.0,MM
229,paciran,-6.8767,112.3761,25.61,1010.0,91.0,2.5,71.0,ID
230,varnamo,57.186,14.04,17.24,1020.0,1.0,0.89,99.0,SE
231,junagarh,19.8667,82.9333,32.72,999.0,48.0,2.06,94.0,IN
232,humberto de campos,-2.5983,-43.4611,29.61,1009.0,78.0,1.33,100.0,BR
233,orosei,40.3798,9.6929,18.88,1017.0,76.0,3.69,100.0,IT
234,hadibu,12.65,54.0333,30.64,1007.0,73.0,1.37,50.0,YE
235,sincik,38.0368,38.6149,12.42,1008.0,69.0,1.38,15.0,TR
236,utrik,11.2278,169.8474,27.47,1012.0,86.0,8.43,92.0,MH
237,itaituba,-4.2761,-55.9836,32.73,1009.0,52.0,2.81,99.0,BR
238,nikel,69.4128,30.222,5.1,1020.0,61.0,12.55,73.0,RU
239,halmstad,56.6745,12.8568,16.23,1021.0,77.0,2.57,100.0,SE
240,benito juarez,19.385,-99.165,28.84,1025.0,26.0,1.54,0.0,MX
241,lagos,6.5833,3.75,28.18,1010.0,82.0,3.21,61.0,NG
242,vadso,70.0744,29.7487,5.09,1015.0,65.0,16.46,75.0,NO
243,quelimane,-17.8786,36.8883,24.97,1019.0,78.0,1.72,40.0,MZ
244,axim,4.8699,-2.2405,27.6,1011.0,79.0,4.01,65.0,GH
245,quellon,-43.1167,-73.6167,7.44,1025.0,68.0,1.94,98.0,CL
246,mil'kovo,55.6078,37.7956,16.73,1032.0,62.0,3.27,49.0,RU
247,newman,37.3138,-121.0208,20.84,1009.0,45.0,4.92,99.0,US
248,waddan,29.1614,16.139,33.48,1011.0,20.0,6.29,86.0,LY
249,bamboo flat,11.7,92.7167,28.66,1003.0,83.0,9.97,100.0,IN
250,usak,38.5,29.4167,14.62,1013.0,62.0,4.05,59.0,TR
251,bata,1.8639,9.7658,24.55,1012.0,81.0,3.07,100.0,GQ
252,cadale,2.7603,46.3222,27.72,1012.0,81.0,9.69,98.0,SO
253,pavlovka,52.6897,47.1405,8.86,1033.0,63.0,0.97,66.0,RU
254,qaryat suluq,31.6682,20.2521,29.23,1015.0,21.0,5.73,38.0,LY
255,sao vicente,-23.9631,-46.3919,24.97,1013.0,78.0,0.89,18.0,BR
256,callao,-12.0667,-77.15,18.16,1016.0,82.0,2.57,100.0,PE
257,bantay,17.5847,120.3892,28.86,1008.0,79.0,1.56,98.0,PH
258,mo i rana,66.3128,14.1428,16.26,1022.0,41.0,5.36,0.0,NO
259,battagram,34.6772,73.0233,23.07,1010.0,46.0,3.08,48.0,PK
260,fremont,37.5483,-121.9886,15.3,1013.0,68.0,5.14,75.0,US
261,colonia menno,-22.3667,-59.8167,20.87,1020.0,41.0,8.23,49.0,PY
262,ocean shores,46.9737,-124.1563,11.37,1011.0,95.0,2.68,100.0,US
263,kabare,-2.4683,28.8242,16.56,1017.0,91.0,0.7,61.0,CD
264,souillac,-20.5167,57.5167,22.21,1017.0,94.0,4.63,75.0,MU
265,ratnagiri,16.9833,73.3,28.82,1005.0,89.0,3.84,100.0,IN
266,dunedin,-45.8742,170.5036,8.22,1004.0,75.0,2.68,100.0,NZ
267,colares,38.7992,-9.4469,19.5,1014.0,69.0,7.2,20.0,PT
268,uchiza,-8.4592,-76.4633,32.41,1011.0,45.0,0.71,12.0,PE
269,saint-hubert,50.05,5.3833,12.44,1017.0,83.0,3.38,78.0,BE
270,qobustan,40.0824,49.412,19.4,1019.0,67.0,3.52,84.0,AZ
271,alotau,,,,,,,,
272,hisarya,42.5,24.7,16.94,1017.0,79.0,2.44,86.0,BG
273,hermanus,-34.4187,19.2345,16.56,1025.0,83.0,6.86,100.0,ZA
274,kutum,14.2,24.6667,31.17,1010.0,13.0,5.27,3.0,SD
275,port alfred,-33.5906,26.891,17.88,1025.0,89.0,0.89,100.0,ZA
276,pakala,13.4667,79.1167,28.6,1002.0,64.0,2.43,97.0,IN
277,fort bragg,35.139,-79.006,28.99,1011.0,67.0,4.12,40.0,US
278,mitu,1.1983,-70.1733,33.13,1009.0,52.0,0.9,45.0,CO
279,lihue,21.9789,-159.3672,23.5,1021.0,77.0,5.14,100.0,US
280,camocim,-2.9022,-40.8411,30.08,1009.0,71.0,4.41,64.0,BR
281,vilyuchinsk,52.9306,158.4028,4.96,1019.0,93.0,0.35,97.0,RU
282,osakarovka,50.565,72.5692,7.46,1012.0,94.0,7.82,100.0,KZ
283,argo,37.6333,22.7333,20.23,1016.0,64.0,1.02,6.0,GR
284,lacy-lakeview,31.6293,-97.1028,30.54,1008.0,71.0,6.17,75.0,US
285,pingliang,35.5392,106.6861,18.09,1009.0,68.0,5.18,100.0,CN
286,el nido,11.1858,119.3956,29.22,1008.0,75.0,2.01,99.0,PH
287,middelburg,-25.7751,29.4648,13.49,1024.0,34.0,1.95,0.0,ZA
288,pisco,-13.7,-76.2167,19.03,1015.0,82.0,4.12,75.0,PE
289,ust'-kulom,61.6864,53.6902,9.03,1014.0,95.0,2.39,98.0,RU
290,bomdila,27.25,92.4,10.44,1011.0,86.0,2.31,83.0,IN
291,luga,58.7372,29.8453,17.57,1026.0,62.0,2.61,8.0,RU
292,saldanha,-33.0117,17.9442,16.03,1020.0,82.0,5.57,94.0,ZA
293,lerwick,60.1545,-1.1494,13.0,1019.0,92.0,5.91,22.0,GB
294,krasnozerskoye,53.9828,79.2374,6.79,1017.0,77.0,6.39,100.0,RU
295,katsuura,35.1333,140.3,19.22,1007.0,93.0,5.44,92.0,JP
296,kamina,-8.7386,24.9906,22.16,1013.0,53.0,1.62,50.0,CD
297,gananoque,44.3334,-76.1661,20.13,1009.0,67.0,5.25,5.0,CA
298,casino,-28.8667,153.05,13.65,1025.0,96.0,0.83,91.0,AU
299,santa ana,33.7456,-117.8678,17.25,1015.0,77.0,4.63,100.0,US
300,muynoq,43.7683,59.0214,17.75,1016.0,74.0,9.23,47.0,UZ
301,katsuren-haebaru,26.3369,127.8719,24.08,1011.0,96.0,0.0,75.0,JP
302,sirte,31.2089,16.5887,26.32,1011.0,46.0,9.93,94.0,LY
303,mek'ele,13.4967,39.4753,23.2,1015.0,30.0,2.9,72.0,ET
304,rio grande,-32.035,-52.0986,10.53,1015.0,90.0,10.69,99.0,BR
305,khor,47.8861,134.9464,8.18,1014.0,76.0,3.31,68.0,RU
306,kavieng,-2.5744,150.7967,28.13,1008.0,82.0,5.99,100.0,PG
307,zharkent,44.1628,80.0,21.68,1008.0,56.0,5.03,65.0,KZ
308,messini,37.0511,22.0078,23.91,1014.0,43.0,4.63,0.0,GR
309,soto la marina,23.7667,-98.2167,41.0,1005.0,31.0,7.11,0.0,MX
310,daru,-9.0763,143.2092,26.03,1010.0,93.0,6.94,68.0,PG
311,nova sintra,14.8667,-24.7167,23.19,1014.0,78.0,9.74,36.0,CV
312,susuman,62.7833,148.1667,1.1,1022.0,73.0,1.34,62.0,RU
313,tromso,69.6496,18.957,5.01,1027.0,65.0,6.17,75.0,NO
314,petropavlovsk-kamchatsky,53.0452,158.6483,4.14,1013.0,75.0,1.0,75.0,RU
315,fortuna,40.5982,-124.1573,14.25,1013.0,86.0,4.12,100.0,US
316,remire-montjoly,4.9167,-52.2667,27.02,1010.0,94.0,1.54,75.0,GF
317,eyl,7.9803,49.8164,29.71,1007.0,74.0,8.96,65.0,SO
318,lashio,22.9333,97.75,23.06,1006.0,83.0,0.44,45.0,MM
319,olonets,60.9847,32.9698,16.43,1024.0,57.0,3.63,47.0,RU
320,tual,-5.6667,132.75,27.56,1009.0,87.0,9.95,15.0,ID
321,nizhniy kuranakh,58.8353,125.4869,8.14,1017.0,86.0,1.84,21.0,RU
322,kyaikkami,16.08,97.5675,26.69,1006.0,91.0,8.21,100.0,MM
323,hailar,49.2,119.7,11.03,1016.0,39.0,1.72,95.0,CN
324,tadjourah,12.0,42.5,33.42,1008.0,25.0,5.33,81.0,DJ
325,ouahigouya,13.5828,-2.4216,35.36,1007.0,28.0,4.83,62.0,BF
326,tanjung pinang,0.9167,104.45,27.02,1008.0,87.0,1.38,100.0,ID
327,verkhnevilyuysk,63.4453,120.3167,12.29,1014.0,66.0,0.64,4.0,RU
328,lospalos,-8.5186,127.0025,22.53,1012.0,97.0,2.82,94.0,TL
329,asau,46.4333,26.4,19.51,1021.0,63.0,0.3,97.0,RO
330,panorama,40.5878,23.0315,22.44,1015.0,51.0,3.09,20.0,GR
331,codrington,-38.2667,141.9667,7.98,1027.0,91.0,2.41,100.0,AU
332,alto barinas,8.5931,-70.2261,32.52,1010.0,55.0,2.55,91.0,VE
333,margherita,27.2833,95.6833,25.72,1002.0,75.0,1.5,27.0,IN
334,ambatolampy,-19.3833,47.4167,10.32,1023.0,96.0,2.14,75.0,MG
335,bukama,-9.2,25.85,24.89,1012.0,49.0,1.01,43.0,CD
336,holualoa,19.6228,-155.9522,22.41,1021.0,94.0,3.6,40.0,US
337,bahir dar,11.5936,37.3908,22.95,1013.0,59.0,4.62,42.0,ET
338,at-bashi,41.1702,75.8106,12.91,1017.0,83.0,1.86,100.0,KG
339,igarka,67.4667,86.5833,-10.55,1018.0,95.0,2.24,26.0,RU
340,harper,4.375,-7.7169,27.51,1011.0,82.0,3.17,62.0,LR
341,nagqu,31.5,92.0,3.43,1013.0,81.0,2.21,56.0,CN
342,yemetsk,63.4721,41.7941,19.77,1016.0,41.0,4.29,56.0,RU
343,vernon,50.2581,-119.2691,17.55,1005.0,44.0,0.51,100.0,CA
344,santo antonio,-6.3106,-35.4789,28.67,1011.0,72.0,6.39,89.0,BR
345,al ghayzah,16.2079,52.176,29.52,1006.0,81.0,6.66,59.0,YE
346,vernio,44.0476,11.1505,19.07,1020.0,63.0,0.45,39.0,IT
347,klaksvik,62.2266,-6.589,12.51,1019.0,98.0,5.14,95.0,FO
348,vorkuta,67.5,64.0,-2.16,1011.0,96.0,7.15,100.0,RU
349,togur,58.3631,82.8265,2.86,1019.0,90.0,2.24,99.0,RU
350,korla,41.7597,86.1469,23.86,1005.0,38.0,1.28,61.0,CN
351,am djarass,,,,,,,,
352,dzhangala,49.2167,50.3333,12.48,1030.0,35.0,7.13,4.0,KZ
353,hobbs,32.7026,-103.136,27.48,1011.0,13.0,3.58,0.0,US
354,villa gesell,-37.2639,-56.973,8.92,1025.0,59.0,10.24,99.0,AR
355,yuzhno-kurilsk,44.0306,145.8556,3.54,1006.0,98.0,9.88,100.0,RU
356,wad az zaki,14.4619,32.2065,35.69,1007.0,18.0,0.82,55.0,SD
357,marquette,46.5333,-87.6335,11.07,1010.0,67.0,2.68,69.0,US
358,rukungiri,-0.8411,29.9419,18.1,1015.0,79.0,1.51,85.0,UG
359,usinsk,65.9939,57.5281,0.04,1020.0,80.0,5.81,100.0,RU
360,chernyshevskiy,63.0128,112.4714,11.64,1013.0,53.0,0.88,5.0,RU
361,chonchi,-42.6128,-73.8092,9.51,1024.0,67.0,1.45,100.0,CL
362,antofagasta,-23.65,-70.4,17.6,1015.0,76.0,3.21,51.0,CL
363,polyarnyy,69.1989,33.4478,3.4,1018.0,69.0,13.5,93.0,RU
364,tambopata,-12.7333,-69.1833,32.94,1011.0,55.0,2.06,40.0,PE
365,kazan,55.7887,49.1221,14.34,1029.0,62.0,4.82,95.0,RU
366,ketchikan,55.3422,-131.6461,8.43,1012.0,67.0,2.13,89.0,US
367,shefford,52.0387,-0.334,16.77,1018.0,66.0,2.57,20.0,GB
368,sinabang,2.4803,96.3801,28.08,1008.0,83.0,1.58,99.0,ID
369,minas de marcona,-15.2119,-75.1103,19.71,1014.0,49.0,5.58,5.0,PE
370,ahau,,,,,,,,
371,st. john's,47.5649,-52.7093,7.06,1006.0,95.0,2.57,100.0,CA
372,dondo,-19.6094,34.7431,22.73,1020.0,90.0,1.85,64.0,MZ
373,bani walid,31.7566,13.9942,26.38,1010.0,38.0,7.3,90.0,LY
374,hopelchen,19.7667,-89.85,39.52,1008.0,21.0,2.64,8.0,MX
375,praia da vitoria,38.7333,-27.0667,22.14,1016.0,64.0,6.19,40.0,PT
376,isla mujeres,21.2311,-86.731,31.76,1012.0,68.0,6.1,0.0,MX
377,lata,40.1629,-8.3327,19.49,1016.0,51.0,3.12,51.0,PT
378,sidi ifni,29.3797,-10.173,20.86,1017.0,75.0,6.26,24.0,MA
379,puerto la cruz,10.2167,-64.6167,28.37,1010.0,73.0,4.11,100.0,VE
380,namibe,-15.1961,12.1522,23.48,1012.0,80.0,1.78,23.0,AO
381,barnoldswick,53.9171,-2.1871,12.45,1019.0,83.0,0.94,99.0,GB
382,puerto cabezas,14.0351,-83.3888,32.98,1010.0,70.0,5.14,40.0,NI
383,masbate,12.3667,123.6167,26.09,1008.0,91.0,0.79,100.0,PH
384,poso,-1.3959,120.7524,25.54,1009.0,85.0,2.17,95.0,ID
385,tripoli,32.8752,13.1875,26.76,1009.0,50.0,12.47,1.0,LY
386,irara,-12.05,-38.7667,27.44,1014.0,56.0,5.16,4.0,BR
387,kurmuk,10.55,34.2833,27.25,1011.0,62.0,1.79,59.0,SD
388,toliara,-23.35,43.6667,20.97,1019.0,77.0,3.03,0.0,MG
389,amahai,-3.3333,128.9167,30.11,1008.0,89.0,1.38,95.0,ID
390,saksaul'skiy,,,,,,,,
391,aral,40.5156,81.2636,25.89,1005.0,28.0,4.32,64.0,CN
392,alakurtti,66.9672,30.3491,10.25,1019.0,60.0,5.36,90.0,RU
393,naze,28.3667,129.4833,21.76,1012.0,90.0,1.58,100.0,JP
394,merizo village,13.2658,144.6691,26.29,1011.0,91.0,7.33,93.0,GU
395,dubbo,-32.25,148.6167,7.07,1025.0,93.0,3.6,100.0,AU
396,chepo,9.1667,-79.1,30.98,1011.0,75.0,1.86,100.0,PA
397,morondava,-20.2833,44.2833,23.65,1018.0,68.0,5.62,5.0,MG
398,as sulayyil,20.4607,45.5779,36.14,1005.0,11.0,4.03,0.0,SA
399,filingue,14.3521,3.3168,40.4,1005.0,13.0,3.34,19.0,NE
400,vila velha,-20.3297,-40.2925,30.53,1016.0,64.0,4.63,0.0,BR
401,kiunga,-6.1219,141.2906,24.58,1010.0,96.0,0.85,76.0,PG
402,hasaki,35.7333,140.8333,19.22,1009.0,79.0,8.97,85.0,JP
403,turkmenbasy,40.0222,52.9552,18.43,1018.0,52.0,3.09,0.0,TM
404,andergrove,-21.0833,149.1833,16.94,1019.0,84.0,4.99,7.0,AU
405,cascais,38.6979,-9.4215,19.71,1016.0,69.0,7.2,20.0,PT
406,poronaysk,49.2167,143.1167,2.08,1012.0,95.0,2.39,100.0,RU
407,jiazi,22.8779,116.067,24.3,1009.0,95.0,2.04,100.0,CN
408,sauri,11.7266,6.7837,32.5,1007.0,31.0,2.3,71.0,NG
409,changli,39.7042,119.1506,17.42,1015.0,41.0,0.73,100.0,CN
410,ciudad bolivar,8.1222,-63.5497,36.42,1008.0,35.0,3.26,96.0,VE
411,demyansk,57.643,32.466,15.49,1029.0,69.0,2.79,23.0,RU
412,road town,18.4167,-64.6167,29.02,1014.0,79.0,3.6,75.0,VG
413,songea,-10.6833,35.65,15.96,1018.0,85.0,0.86,60.0,TZ
414,baidoa,3.1138,43.6498,24.02,1013.0,86.0,5.04,100.0,SO
415,saint-joseph,-21.3667,55.6167,20.21,1020.0,79.0,5.79,35.0,RE
416,st. paul,44.9444,-93.0933,21.55,1000.0,69.0,8.23,40.0,US
417,dhidhdhoo,6.8833,73.1,29.28,1008.0,77.0,8.32,100.0,MV
418,itoman,26.1247,127.6694,24.0,1012.0,100.0,1.54,100.0,JP
419,adrar,20.5022,-10.0711,37.48,1010.0,11.0,5.1,14.0,MR
420,junction city,39.0286,-96.8314,22.4,1009.0,42.0,6.69,0.0,US
421,kirensk,57.7853,108.1119,10.54,1017.0,79.0,1.79,50.0,RU
422,victoria,22.2855,114.1577,25.47,1009.0,94.0,2.68,87.0,HK
423,kitgum,3.2783,32.8867,20.64,1013.0,88.0,1.18,89.0,UG
424,cabano,10.5869,122.7002,24.86,1008.0,90.0,2.7,100.0,PH
425,fale old settlement,-9.3852,-171.2468,28.66,1012.0,78.0,3.61,31.0,TK
426,moranbah,-22.0016,148.0466,14.84,1021.0,97.0,3.86,4.0,AU
427,franceville,-1.6333,13.5836,23.37,1012.0,93.0,0.74,100.0,GA
428,filadelfia,39.9523,-75.1638,29.67,1009.0,34.0,4.12,40.0,US
429,kerikeri,-35.2268,173.9474,11.06,1011.0,93.0,0.45,24.0,NZ
430,kpandu,6.9954,0.2931,31.12,1009.0,57.0,0.84,57.0,GH
431,ji'an,27.1172,114.9793,24.66,1008.0,86.0,1.7,18.0,CN
432,acarau,-2.8856,-40.12,29.75,1010.0,72.0,4.72,86.0,BR
433,jawf al maqbabah,13.8378,45.8349,30.04,1011.0,41.0,2.86,0.0,YE
434,devinuwara,,,,,,,,
435,port blair,11.6667,92.75,29.13,1003.0,83.0,10.3,100.0,IN
436,shantou,23.3681,116.7148,22.92,1010.0,100.0,1.0,75.0,CN
437,jawhar,2.7809,45.5005,26.56,1013.0,74.0,6.68,98.0,SO
438,howard springs,-12.497,131.047,22.91,1012.0,96.0,1.88,64.0,AU
439,port lincoln,-34.7333,135.8667,14.08,1024.0,77.0,3.79,47.0,AU
440,batticaloa,7.7102,81.6924,28.28,1005.0,70.0,1.68,99.0,LK
441,kendari,-3.945,122.4989,24.14,1010.0,96.0,1.42,91.0,ID
442,mogadishu,2.0371,45.3438,27.1,1013.0,83.0,7.29,81.0,SO
443,punta cana,18.5818,-68.4043,27.87,1013.0,65.0,2.06,75.0,DO
444,lionel town,17.8101,-77.2406,34.39,1012.0,55.0,4.38,4.0,JM
445,magadan,59.5667,150.8,8.07,1018.0,77.0,2.27,94.0,RU
446,rurrenabaque,-14.4413,-67.5278,29.94,1012.0,74.0,0.0,40.0,BO
447,totness,5.8833,-56.3167,24.86,1011.0,94.0,4.42,100.0,SR
448,pasuquin,18.3328,120.6177,26.97,1008.0,89.0,2.06,75.0,PH
449,posto fiscal rolim de moura,-13.0833,-62.2667,30.38,1011.0,59.0,3.31,85.0,BR
450,baardheere,2.3446,42.2764,26.44,1013.0,78.0,6.41,79.0,SO
451,tongliao,43.6125,122.2653,14.13,1016.0,40.0,3.21,58.0,CN
452,novovarshavka,54.1721,74.6946,6.02,1020.0,66.0,5.22,100.0,RU
453,puke,42.0444,19.8997,15.48,1018.0,87.0,0.73,26.0,AL
454,lubang,13.8584,120.124,29.53,1008.0,78.0,6.31,100.0,PH
455,cargados carajos,,,,,,,,
456,arkhangel'sk,64.5401,40.5433,22.06,1013.0,40.0,4.0,40.0,RU
457,tofol,5.3248,163.0078,28.8,1010.0,77.0,5.29,63.0,FM
458,tadine,-21.55,167.8833,19.4,1018.0,63.0,3.64,18.0,NC
459,fredericksburg,38.3032,-77.4605,28.14,1008.0,58.0,2.57,75.0,US
460,makuyuni,-4.7333,38.1,22.0,1017.0,85.0,2.26,80.0,TZ
461,tranovaho,,,,,,,,
462,kone,-21.0595,164.8658,16.2,1019.0,77.0,1.34,5.0,NC
463,smithville,39.3869,-94.5811,23.58,1005.0,62.0,8.23,100.0,US
464,montepuez,-13.1256,38.9997,22.41,1017.0,55.0,1.56,100.0,MZ
465,cambria,35.5641,-121.0808,15.1,1015.0,74.0,3.13,98.0,US
466,'ohonua,,,,,,,,
467,strezhevoy,60.7333,77.5889,2.76,1019.0,75.0,2.68,100.0,RU
468,lycksele,64.5954,18.6735,18.93,1019.0,72.0,3.6,0.0,SE
469,bir el ater,34.7449,8.0602,24.09,1013.0,28.0,7.89,72.0,DZ
470,doganyol,38.3118,39.0382,16.81,1008.0,70.0,2.01,2.0,TR
471,chinhoyi,-17.3667,30.2,18.03,1019.0,60.0,1.48,99.0,ZW
472,la ronge,55.1001,-105.2842,7.14,1013.0,57.0,3.09,75.0,CA
473,miquelon,47.0975,-56.3814,8.0,1006.0,100.0,1.72,100.0,PM
474,nabire,-3.3667,135.4833,25.35,1008.0,94.0,1.52,100.0,ID
475,bakchar,57.0186,82.0711,3.17,1019.0,98.0,2.44,100.0,RU
476,pueblo nuevo,23.3833,-105.3833,27.42,1011.0,17.0,4.13,9.0,MX
477,birjand,32.8663,59.2211,24.26,1015.0,25.0,2.06,0.0,IR
478,grants pass,42.439,-123.3284,17.83,1013.0,54.0,3.09,0.0,US
479,padang,-0.9492,100.3543,27.03,1009.0,89.0,2.45,99.0,ID
480,terenos,-20.4422,-54.8603,17.84,1018.0,100.0,4.63,75.0,BR
481,greenwood,34.1668,-82.1165,30.7,1014.0,55.0,4.63,20.0,US
482,san nicolas de bari,22.7844,-81.9133,33.98,1012.0,31.0,1.76,0.0,CU
483,sao joao da barra,-21.6403,-41.0511,33.05,1013.0,71.0,4.02,3.0,BR
484,queenstown,-31.8976,26.8753,11.21,1025.0,95.0,2.14,38.0,ZA
485,savsjo,,,,,,,,
486,porto novo,6.4965,2.6036,28.34,1010.0,78.0,5.04,58.0,BJ
487,port-cartier,50.0334,-66.8654,7.93,1004.0,93.0,3.36,100.0,CA
488,timbuktu,16.7735,-3.0074,42.34,1005.0,10.0,1.31,40.0,ML
489,fort mcmurray,56.7268,-111.381,14.73,1009.0,44.0,3.09,100.0,CA
490,gilgit,35.9221,74.3087,19.36,1016.0,57.0,0.95,100.0,PK
491,necochea,-38.5473,-58.7368,8.71,1027.0,49.0,7.02,99.0,AR
492,crane,31.3974,-102.3501,33.44,1007.0,6.0,4.71,59.0,US
493,okakarara,-20.5833,17.4333,15.14,1019.0,29.0,2.13,4.0,
494,nouadhibou,20.931,-17.0347,22.99,1013.0,56.0,9.26,19.0,MR
495,cruzeiro do sul,-29.5128,-51.9853,15.5,1012.0,94.0,5.1,100.0,BR
496,madugula,17.9167,82.8,29.58,1002.0,85.0,1.11,100.0,IN
497,yagry,,,,,,,,
498,ponta delgada,37.7333,-25.6667,19.4,1016.0,94.0,5.14,75.0,PT
499,masterton,-40.9597,175.6575,6.72,1009.0,89.0,0.47,99.0,NZ
500,san antonio de pale,-1.4014,5.6325,26.8,1013.0,76.0,1.84,99.0,GQ
501,le vauclin,14.5452,-60.8388,32.03,1012.0,58.0,7.72,40.0,MQ
502,cabinda,-5.55,12.2,25.77,1012.0,83.0,3.28,69.0,AO
503,arthur's town,,,,,,,,
504,khamis mushait,18.3064,42.7292,25.34,1024.0,44.0,3.09,40.0,SA
505,sainte-anne-des-monts,49.124,-66.4924,6.93,1003.0,100.0,4.63,100.0,CA
506,nioki,-2.7167,17.6833,23.45,1011.0,88.0,1.42,100.0,CD
507,sinan,34.8262,126.1086,16.06,1015.0,87.0,2.01,22.0,KR
508,maceio,-9.6658,-35.7353,25.69,1013.0,83.0,5.66,75.0,BR
509,brandfort,-28.7001,26.4597,11.67,1022.0,43.0,2.4,0.0,ZA
510,ouani,-12.1322,44.4258,25.69,1016.0,72.0,4.43,93.0,KM
511,bagnara calabra,38.2885,15.8078,20.99,1018.0,58.0,1.07,5.0,IT
512,broome,42.2506,-75.833,25.72,995.0,47.0,4.63,40.0,US
513,jiuquan,39.7432,98.5174,21.58,1005.0,28.0,2.15,18.0,CN
514,huarmey,-10.0681,-78.1522,21.37,1015.0,77.0,4.69,59.0,PE
515,morden,49.1919,-98.1014,5.16,999.0,100.0,7.72,100.0,CA
516,caleta de carquin,-11.0925,-77.6267,20.39,1015.0,75.0,4.42,56.0,PE
517,brazzaville,-4.2658,15.2832,27.53,1011.0,67.0,2.8,87.0,CG
518,fortaleza,-3.7227,-38.5247,31.49,1008.0,85.0,4.12,40.0,BR
519,chandla,25.0833,80.2,36.71,998.0,25.0,2.75,0.0,IN
520,adh dhibiyah,,,,,,,,
521,kajaani,64.2273,27.7285,18.03,1020.0,55.0,6.69,0.0,FI
522,chinde,26.8418,88.0763,22.77,1005.0,56.0,2.66,19.0,NP
523,barcelos,41.5388,-8.6151,21.66,1016.0,61.0,1.57,53.0,PT
524,kismayo,-0.3582,42.5454,26.54,1013.0,86.0,7.74,97.0,SO
525,alofi,-19.0595,-169.9187,24.94,1013.0,94.0,2.06,100.0,NU
526,bujalance,37.8956,-4.3807,30.55,1012.0,24.0,3.76,29.0,ES
527,de aar,-30.6497,24.0123,17.87,1021.0,35.0,2.52,3.0,ZA
528,hammerfest,70.6634,23.6821,4.25,1020.0,70.0,8.23,75.0,NO
529,portland,45.5234,-122.6762,15.72,1013.0,70.0,1.54,100.0,US
530,warman,52.3168,-106.5679,12.72,1007.0,50.0,6.17,100.0,CA
531,sultanah,24.4926,39.5857,39.25,1009.0,6.0,6.17,0.0,SA
532,nogliki,51.8333,143.1667,0.19,1014.0,94.0,2.68,74.0,RU
533,gremda,34.75,10.7833,24.11,1012.0,64.0,6.69,20.0,TN
534,ojinaga,29.5667,-104.4167,33.53,1014.0,12.0,4.12,0.0,MX
535,enumclaw,47.2043,-121.9915,12.23,1009.0,79.0,1.79,100.0,US
536,mersing,2.4312,103.8405,25.95,1009.0,94.0,2.57,20.0,MY
537,dar naim,,,,,,,,
538,freeport,40.6576,-73.5832,28.85,1009.0,32.0,4.63,20.0,US
539,diego de almagro,-26.3667,-70.05,24.1,1013.0,17.0,3.29,65.0,CL
540,general villegas,-35.0328,-63.0125,10.73,1029.0,48.0,3.24,78.0,AR
541,puerto aysen,-45.4,-72.7,7.01,1028.0,63.0,2.02,10.0,CL
542,burang,30.25,81.1667,6.24,1018.0,78.0,1.96,24.0,CN
543,boquete,8.7833,-82.4333,24.64,1014.0,74.0,1.18,82.0,PA
544,troitsko-pechorsk,62.7084,56.1964,5.39,1023.0,43.0,2.68,100.0,RU
545,philipsburg,18.026,-63.0458,31.81,1015.0,69.0,5.14,20.0,SX
546,alto araguaia,-17.3147,-53.2153,27.08,1013.0,47.0,3.29,95.0,BR
547,dauphin,51.1494,-100.0502,3.08,1008.0,93.0,8.75,100.0,CA
548,bouarfa,32.53,-1.95,29.56,1008.0,8.0,2.28,1.0,MA
549,jiwani,25.05,61.7417,31.11,1001.0,70.0,0.84,1.0,PK
550,cukai,4.25,103.4167,24.97,1008.0,88.0,1.08,100.0,MY
551,portstewart,55.1813,-6.714,12.4,1017.0,80.0,1.33,100.0,GB
552,selibaby,15.159,-12.1829,43.09,1005.0,12.0,2.97,27.0,MR
553,arno,60.1167,18.6333,10.44,1021.0,73.0,2.21,94.0,SE
554,melekeok village,7.4957,134.6367,26.31,1009.0,94.0,0.0,75.0,PW
555,lorengau,-2.0226,147.2712,27.61,1009.0,84.0,3.66,89.0,PG
556,brisas de zicatela,15.8369,-97.0419,32.29,1011.0,74.0,3.6,0.0,MX
557,ridder,50.355,83.5133,12.93,1012.0,66.0,2.11,100.0,KZ
558,salavan,15.7167,106.4167,23.74,1008.0,97.0,1.26,93.0,LA
559,nantucket,41.2835,-70.0995,18.1,1009.0,82.0,5.14,0.0,US
560,guangming,45.3333,122.7833,14.48,1016.0,32.0,2.1,92.0,CN
561,jinchang,38.4953,102.1739,17.25,1009.0,67.0,1.98,71.0,CN
562,nadi,-17.8,177.4167,25.0,1013.0,83.0,2.57,40.0,FJ
563,kamiiso,41.8167,140.65,9.21,1010.0,71.0,6.17,75.0,JP
564,severo-yeniseyskiy,60.3725,93.0408,3.65,1014.0,95.0,1.34,100.0,RU
565,shatrovo,56.5167,64.6333,1.47,1025.0,56.0,1.27,59.0,RU
566,sao jose da coroa grande,-8.8978,-35.1478,28.13,1012.0,72.0,5.76,57.0,BR
567,chibougamau,49.9168,-74.3659,10.79,1007.0,66.0,4.12,100.0,CA
568,namtsy,62.7161,129.6658,7.56,1016.0,82.0,2.34,14.0,RU
569,amos,48.5669,-78.1162,12.86,1011.0,53.0,3.58,93.0,CA
570,coahuayana de hidalgo,18.7,-103.6583,33.3,1011.0,37.0,3.31,3.0,MX
571,vilyuysk,63.7553,121.6247,14.44,1015.0,55.0,1.34,9.0,RU
572,tahe,52.3333,124.7333,7.95,1016.0,54.0,1.72,3.0,CN
573,cuorgne,45.3895,7.6499,15.56,1015.0,83.0,1.26,89.0,IT
574,el alto,-4.2714,-81.2147,23.81,1012.0,70.0,8.1,12.0,PE
575,smithers,54.7804,-127.1743,12.18,1007.0,66.0,2.06,75.0,CA
576,tabou,4.423,-7.3528,28.11,1011.0,77.0,3.32,43.0,CI
577,port saint john's,-31.6229,29.5448,19.99,1025.0,84.0,2.98,91.0,ZA
578,thief river falls,48.1191,-96.1812,8.96,997.0,100.0,6.69,100.0,US
579,chiang khong,20.2613,100.4046,23.08,1007.0,99.0,0.4,77.0,TH
580,nikolayevsk-on-amure,53.1406,140.73,1.23,1016.0,88.0,1.79,38.0,RU
581,coronado,32.6859,-117.1831,17.16,1015.0,77.0,3.6,100.0,US
582,anar darah,32.7587,61.654,27.84,1007.0,32.0,4.48,20.0,AF
583,manokwari,-0.8667,134.0833,27.69,1008.0,76.0,2.72,80.0,ID
584,tidjikja,18.5564,-11.4271,39.65,1009.0,10.0,5.59,100.0,MR
585,port douglas,-16.4833,145.4667,22.69,1017.0,84.0,4.11,79.0,AU
586,luganville,-15.5333,167.1667,24.64,1014.0,88.0,4.36,100.0,VU
587,luuq,3.7938,42.5445,28.65,1012.0,67.0,6.86,98.0,SO
588,masons bay,,,,,,,,
589,slave lake,55.2834,-114.769,12.99,1006.0,44.0,3.6,75.0,CA
590,dakoro,14.5106,6.765,37.46,1006.0,8.0,4.07,90.0,NE
591,al hazm,16.1641,44.7769,33.44,1008.0,12.0,3.82,11.0,YE
592,miyanoura,,,,,,,,
593,pingyi,35.5006,117.6308,18.95,1013.0,80.0,3.55,8.0,CN
594,yen bai,21.7,104.8667,25.14,1007.0,96.0,0.78,97.0,VN
